{"version":0,"type":"Football","size":[105.0,68.0],"lines":{"leftLine":[[-52.5,-34.0,-52.5,34.0]],"leftGoal":[[-47.0,-9.15999984741211,-47.0,9.15999984741211]],"leftPenalty":[[-36.0,-20.15999984741211,-36.0,20.15999984741211]],"middleLine":[[0.0,-34.0,0.0,34.0]],"rightPenalty":[[36.0,-20.15999984741211,36.0,20.15999984741211]],"rightGoal":[[47.0,-9.15999984741211,47.0,9.15999984741211]],"rightLine":[[52.5,-34.0,52.5,34.0]],"topLine":[[-52.5,34.0,52.5,34.0]],"topLeftPenalty":[[-52.5,20.15999984741211,-36.0,20.15999984741211]],"topRightPenalty":[[36.0,20.15999984741211,52.5,20.15999984741211]],"topLeftGoal":[[-52.5,9.15999984741211,-47.0,9.15999984741211]],"topRightGoal":[[47.0,9.15999984741211,52.5,9.15999984741211]],"bottomLeftGoal":[[-52.5,-9.15999984741211,-47.0,-9.15999984741211]],"bottomRightGoal":[[47.0,-9.15999984741211,52.5,-9.15999984741211]],"bottomLeftPenalty":[[-52.5,-20.15999984741211,-36.0,-20.15999984741211]],"bottomRightPenalty":[[36.0,-20.15999984741211,52.5,-20.15999984741211]],"bottomLine":[[-52.5,-34.0,52.5,-34.0]],"centralCircle":[[9.149999618530274,0.0,8.598187446594239,3.129483938217163],[8.598187446594239,3.129483938217163,7.00930643081665,5.881505966186523],[4.5749993324279789,7.924132347106934,7.00930643081665,5.881505966186523],[1.5888811349868775,9.010990142822266,4.5749993324279789,7.924132347106934],[-1.5888808965682984,9.010990142822266,1.5888811349868775,9.010990142822266],[-4.575000286102295,7.924131870269775,-1.5888808965682984,9.010990142822266],[-7.00930643081665,5.881506443023682,-4.575000286102295,7.924131870269775],[-8.598187446594239,3.1294848918914797,-7.00930643081665,5.881506443023682],[-9.149999618530274,-7.999183821993938e-7,-8.598187446594239,3.1294848918914797],[-8.598187446594239,-3.129484176635742,-9.149999618530274,-7.999183821993938e-7],[-7.009306907653809,-5.881505966186523,-8.598187446594239,-3.129484176635742],[-7.009306907653809,-5.881505966186523,-4.57499885559082,-7.924132347106934],[-4.57499885559082,-7.924132347106934,-1.5888803005218506,-9.010991096496582],[-1.5888803005218506,-9.010991096496582,1.5888805389404297,-9.010990142822266],[1.5888805389404297,-9.010990142822266,4.57499885559082,-7.924132347106934],[4.57499885559082,-7.924132347106934,7.009305000305176,-5.881507873535156],[7.009305000305176,-5.881507873535156,8.598186492919922,-3.129486083984375],[8.598186492919922,-3.129486083984375,9.149999618530274,0.0000015998367643987877]],"leftHalfMoon":[[-33.726097106933597,4.825861930847168,-36.0,7.312489032745361],[-32.506446838378909,1.6847805976867676,-33.726097106933597,4.825861930847168],[-32.506446838378909,-1.6847805976867676,-32.506446838378909,1.6847805976867676],[-33.726097106933597,-4.825861930847168,-32.506446838378909,-1.6847805976867676],[-36.0,-7.312489032745361,-33.726097106933597,-4.825861930847168]],"rightHalfMoon":[[33.726097106933597,4.825861930847168,36.0,7.312489032745361],[32.506446838378909,1.6847805976867676,33.726097106933597,4.825861930847168],[32.506446838378909,-1.6847805976867676,32.506446838378909,1.6847805976867676],[33.726097106933597,-4.825861930847168,32.506446838378909,-1.6847805976867676],[36.0,-7.312489032745361,33.726097106933597,-4.825861930847168]]}}